{ "compressionlevel":-1,
 "height":20,
 "infinite":false,
 "layers":[
        {
         "data":[80, 80, 80, 80, 80, 80, 80, 80, 80, 80, 80, 80, 80, 80, 80, 80, 80, 80, 80, 80,
            80, 80, 80, 80, 80, 80, 80, 80, 80, 80, 80, 80, 80, 80, 80, 80, 80, 80, 80, 80,
            80, 80, 80, 80, 80, 80, 80, 80, 80, 80, 80, 80, 80, 80, 80, 80, 80, 80, 80, 80,
            0, 0, 0, 80, 80, 80, 80, 80, 80, 80, 80, 80, 80, 80, 80, 80, 80, 80, 80, 80,
            80, 80, 80, 80, 80, 80, 80, 80, 80, 80, 80, 80, 80, 80, 80, 80, 80, 80, 80, 80,
            80, 80, 80, 80, 80, 80, 80, 80, 80, 80, 80, 80, 80, 80, 80, 80, 80, 80, 80, 80,
            80, 80, 80, 80, 80, 80, 80, 80, 80, 80, 80, 80, 80, 80, 80, 80, 80, 80, 80, 80,
            80, 80, 80, 80, 80, 80, 80, 80, 80, 80, 80, 80, 80, 80, 80, 80, 80, 80, 80, 80,
            80, 80, 80, 80, 80, 80, 80, 80, 80, 80, 80, 80, 80, 80, 80, 80, 80, 80, 80, 80,
            80, 80, 80, 80, 80, 80, 80, 80, 80, 80, 80, 80, 80, 80, 80, 80, 80, 80, 80, 80,
            80, 80, 80, 80, 80, 80, 80, 80, 80, 80, 80, 80, 80, 80, 80, 80, 80, 80, 80, 80,
            80, 80, 80, 80, 80, 80, 80, 80, 80, 80, 80, 80, 80, 80, 80, 80, 80, 80, 80, 80,
            80, 80, 80, 80, 80, 80, 80, 80, 80, 80, 80, 80, 80, 80, 80, 80, 80, 80, 80, 80,
            80, 80, 80, 80, 80, 80, 80, 80, 80, 80, 80, 80, 80, 80, 80, 80, 80, 80, 80, 80,
            80, 80, 80, 80, 80, 80, 80, 80, 80, 80, 80, 80, 80, 80, 80, 80, 80, 80, 80, 80,
            80, 80, 80, 80, 80, 80, 80, 80, 80, 80, 80, 80, 80, 80, 80, 80, 80, 80, 80, 80,
            80, 80, 80, 80, 80, 80, 80, 80, 80, 80, 80, 80, 80, 80, 80, 80, 80, 80, 80, 80,
            80, 80, 80, 80, 80, 80, 80, 80, 80, 80, 80, 80, 80, 80, 80, 80, 80, 80, 80, 80,
            80, 80, 80, 80, 80, 80, 80, 80, 80, 80, 80, 80, 80, 80, 80, 80, 80, 80, 80, 80,
            80, 80, 80, 80, 80, 80, 80, 80, 80, 80, 80, 80, 80, 80, 80, 80, 80, 80, 80, 80],
         "height":20,
         "id":3,
         "name":"background",
         "opacity":1,
         "type":"tilelayer",
         "visible":true,
         "width":20,
         "x":0,
         "y":0
        }, 
        {
         "data":[89, 90, 90, 0, 0, 0, 0, 0, 0, 0, 0, 0, 0, 0, 0, 0, 0, 0, 0, 0,
            0, 0, 90, 90, 0, 0, 0, 90, 90, 90, 90, 90, 90, 90, 0, 0, 0, 0, 0, 0,
            0, 0, 0, 90, 0, 0, 90, 90, 0, 0, 0, 0, 0, 0, 0, 0, 0, 0, 0, 0,
            0, 0, 0, 90, 0, 0, 90, 0, 0, 0, 0, 0, 0, 0, 0, 0, 0, 0, 0, 0,
            0, 90, 90, 90, 0, 0, 90, 0, 90, 90, 90, 90, 90, 90, 0, 0, 0, 0, 0, 0,
            0, 90, 0, 0, 0, 0, 90, 0, 90, 0, 0, 0, 0, 0, 0, 0, 0, 90, 90, 90,
            0, 90, 0, 0, 0, 0, 90, 0, 90, 90, 90, 90, 90, 90, 0, 0, 0, 90, 0, 90,
            0, 90, 0, 0, 0, 0, 90, 0, 0, 0, 0, 0, 0, 90, 0, 0, 0, 90, 0, 90,
            0, 90, 90, 90, 90, 90, 90, 0, 0, 0, 0, 0, 0, 90, 0, 0, 0, 90, 0, 90,
            0, 90, 0, 0, 0, 90, 0, 0, 90, 90, 90, 90, 90, 90, 0, 0, 0, 90, 0, 90,
            0, 90, 0, 0, 0, 90, 0, 0, 90, 0, 0, 0, 0, 0, 0, 0, 0, 90, 0, 90,
            0, 90, 0, 0, 0, 90, 0, 0, 90, 0, 0, 0, 0, 0, 0, 90, 90, 90, 0, 90,
            0, 90, 90, 90, 0, 90, 0, 0, 90, 0, 0, 0, 0, 0, 0, 90, 0, 0, 0, 90,
            0, 0, 90, 0, 0, 90, 0, 0, 90, 90, 0, 0, 0, 0, 0, 90, 0, 0, 0, 90,
            0, 0, 90, 0, 0, 90, 0, 0, 0, 90, 0, 0, 0, 0, 0, 90, 0, 0, 90, 90,
            0, 0, 90, 0, 0, 90, 90, 0, 0, 90, 0, 90, 90, 90, 90, 90, 90, 0, 90, 90,
            0, 0, 90, 0, 0, 0, 90, 90, 90, 90, 90, 90, 90, 90, 90, 90, 90, 90, 90, 90,
            0, 0, 90, 90, 0, 0, 0, 0, 0, 0, 0, 0, 90, 90, 0, 90, 90, 90, 90, 90,
            0, 0, 0, 90, 90, 90, 90, 90, 90, 90, 90, 90, 90, 90, 0, 90, 0, 0, 0, 0,
            0, 0, 0, 0, 0, 0, 0, 0, 0, 0, 0, 0, 0, 0, 0, 90, 90, 90, 90, 90],
         "height":20,
         "id":1,
         "name":"passable",
         "opacity":1,
         "type":"tilelayer",
         "visible":true,
         "width":20,
         "x":0,
         "y":0
        }, 
        {
         "data":[0, 0, 0, 29, 29, 25, 25, 25, 25, 25, 25, 25, 25, 25, 33, 33, 33, 71, 71, 72,
            29, 29, 0, 0, 29, 25, 25, 0, 0, 0, 0, 0, 0, 0, 0, 0, 0, 0, 0, 0,
            29, 29, 29, 0, 29, 29, 0, 0, 29, 29, 28, 28, 28, 30, 30, 0, 0, 121, 122, 0,
            29, 29, 29, 0, 29, 29, 0, 29, 29, 29, 29, 29, 28, 30, 30, 0, 0, 140, 141, 0,
            66, 0, 0, 0, 66, 29, 0, 30, 0, 0, 0, 0, 0, 0, 35, 35, 0, 0, 0, 0,
            24, 0, 69, 35, 29, 29, 0, 30, 0, 35, 35, 35, 36, 16, 35, 0, 0, 0, 0, 0,
            24, 0, 35, 35, 29, 29, 0, 30, 0, 0, 0, 0, 0, 0, 35, 0, 0, 0, 139, 0,
            24, 0, 35, 29, 29, 29, 0, 30, 35, 35, 35, 35, 35, 0, 35, 0, 0, 0, 0, 0,
            24, 0, 0, 0, 0, 0, 0, 30, 35, 35, 35, 35, 35, 0, 35, 0, 35, 0, 0, 0,
            24, 0, 0, 0, 123, 0, 0, 0, 0, 0, 0, 0, 0, 0, 35, 0, 35, 0, 0, 0,
            24, 0, 0, 0, 142, 0, 0, 0, 0, 44, 44, 44, 44, 0, 35, 35, 35, 0, 0, 0,
            24, 0, 0, 0, 0, 0, 0, 0, 0, 144, 0, 0, 44, 0, 0, 0, 0, 0, 0, 0,
            24, 0, 0, 0, 0, 0, 0, 0, 0, 0, 0, 0, 44, 0, 0, 0, 135, 0, 0, 0,
            24, 29, 0, 0, 0, 0, 0, 0, 0, 0, 0, 0, 44, 0, 0, 0, 0, 138, 0, 0,
            24, 29, 0, 0, 0, 0, 0, 0, 0, 0, 0, 0, 44, 44, 44, 0, 138, 0, 0, 0,
            29, 29, 0, 0, 0, 0, 0, 0, 0, 0, 0, 0, 0, 0, 0, 0, 0, 139, 0, 0,
            29, 0, 0, 0, 0, 0, 0, 0, 0, 0, 0, 0, 0, 0, 0, 0, 0, 0, 0, 0,
            29, 0, 0, 0, 0, 0, 0, 0, 0, 0, 0, 0, 0, 0, 29, 0, 0, 0, 0, 0,
            29, 0, 0, 0, 0, 0, 0, 0, 0, 0, 0, 0, 0, 0, 29, 0, 0, 0, 0, 0,
            29, 29, 29, 29, 29, 29, 29, 29, 29, 29, 29, 29, 29, 29, 29, 0, 0, 0, 0, 0],
         "height":20,
         "id":2,
         "name":"walls",
         "opacity":1,
         "type":"tilelayer",
         "visible":true,
         "width":20,
         "x":0,
         "y":0
        }, 
        {
         "data":[0, 0, 0, 0, 0, 0, 0, 0, 0, 0, 0, 0, 0, 0, 0, 0, 0, 0, 0, 0,
            0, 0, 0, 0, 0, 0, 0, 0, 0, 0, 84, 0, 0, 0, 0, 0, 0, 0, 0, 0,
            0, 0, 0, 0, 0, 0, 0, 0, 0, 0, 0, 0, 0, 0, 0, 0, 0, 0, 0, 0,
            0, 0, 0, 0, 0, 0, 0, 0, 0, 0, 0, 0, 0, 0, 0, 0, 0, 0, 0, 0,
            0, 0, 0, 103, 0, 0, 0, 0, 0, 0, 0, 0, 0, 84, 0, 0, 0, 0, 0, 0,
            0, 0, 0, 0, 0, 0, 0, 0, 0, 0, 0, 0, 0, 0, 0, 0, 0, 0, 84, 0,
            0, 0, 0, 0, 0, 0, 0, 0, 0, 0, 0, 0, 0, 0, 0, 0, 0, 0, 0, 0,
            0, 0, 0, 0, 0, 0, 0, 0, 0, 0, 0, 0, 0, 0, 0, 0, 0, 0, 0, 0,
            0, 0, 0, 0, 0, 0, 0, 0, 0, 0, 0, 0, 0, 0, 0, 0, 0, 0, 0, 0,
            0, 0, 0, 0, 0, 0, 0, 0, 0, 0, 0, 0, 0, 0, 0, 0, 0, 0, 0, 0,
            0, 84, 0, 0, 0, 0, 0, 0, 0, 0, 0, 0, 0, 88, 0, 0, 0, 0, 0, 0,
            0, 0, 0, 0, 0, 0, 0, 0, 0, 0, 0, 0, 0, 0, 0, 0, 0, 0, 0, 0,
            0, 0, 0, 0, 0, 0, 0, 0, 0, 0, 0, 0, 0, 0, 0, 0, 0, 88, 0, 0,
            0, 0, 0, 0, 0, 0, 0, 0, 0, 0, 0, 0, 0, 0, 0, 0, 0, 0, 0, 0,
            0, 0, 0, 0, 0, 0, 0, 0, 0, 0, 0, 0, 0, 0, 0, 0, 0, 0, 0, 0,
            0, 0, 0, 0, 0, 0, 0, 0, 0, 0, 0, 0, 0, 0, 0, 0, 0, 0, 0, 0,
            0, 0, 0, 0, 0, 0, 0, 0, 0, 103, 0, 0, 0, 0, 0, 0, 0, 0, 0, 0,
            0, 0, 0, 0, 0, 0, 88, 0, 0, 0, 0, 0, 0, 0, 0, 0, 0, 0, 0, 103,
            0, 0, 0, 0, 0, 0, 0, 0, 0, 0, 0, 0, 0, 0, 0, 0, 88, 0, 0, 0,
            0, 0, 0, 0, 0, 0, 0, 0, 0, 0, 0, 0, 0, 0, 0, 0, 0, 0, 0, 84],
         "height":20,
         "id":4,
         "name":"coins",
         "opacity":1,
         "type":"tilelayer",
         "visible":true,
         "width":20,
         "x":0,
         "y":0
        }],
 "nextlayerid":5,
 "nextobjectid":1,
 "orientation":"orthogonal",
 "renderorder":"right-down",
 "tiledversion":"1.10.1",
 "tileheight":16,
 "tilesets":[
        {
         "firstgid":1,
         "source":"134.tsx"
        }],
 "tilewidth":16,
 "type":"map",
 "version":"1.10",
 "width":20
}